Delta,Theta,Alpha1,Alpha2,Beta1,Beta2,Gamma1,Gamma2,Person
57060,80815,67429,14371,8580,4449,2998,5452,Junaid
37998,9989,30998,4318,7433,6412,2461,2685,Junaid
22299,23920,19117,1694,5136,9717,2250,592,Junaid
12216,46213,12334,10932,2820,6831,1289,1716,Junaid
49431,26011,76365,14717,6259,4003,1585,1643,Junaid
34864,5512,10349,6844,4741,6699,4481,1144,Junaid
1.53E+05,1.14E+05,37882,7856,8978,6735,3341,2121,Junaid
1.98E+05,50980,4126,8124,1991,2061,744,542,Junaid
1.66E+06,5.02E+05,23761,32475,28635,9656,7766,2180,Junaid
1.10E+06,1.16E+05,7672,58671,19641,8155,1960,2246,Junaid
1.22E+05,12269,3135,2118,1698,415,149,97,Junaid
2.15E+06,74068,50809,40441,21150,24407,3622,7124,Junaid
1.95E+06,1.81E+05,2.84E+05,1.17E+05,34071,44073,15348,29172,Junaid
7.31E+05,16796,20919,17331,8915,6188,2363,634,Junaid
1.03E+06,29213,5138,1460,16671,13871,10285,4616,Junaid
6.28E+05,54035,15646,23312,22502,58840,38507,5668,Junaid
1.73E+05,1.45E+05,1.13E+05,16236,24797,1.37E+05,17951,6669,Junaid
1.46E+06,5.29E+05,3.44E+05,66236,1.06E+05,2.54E+05,68101,54654,Junaid
1.60E+06,6.83E+05,1.55E+05,2.30E+05,1.72E+05,1.77E+05,1.43E+05,22140,Junaid
1.42E+06,86085,4200,79823,30848,42399,16101,2168,Junaid
4.40E+05,1.54E+05,53802,1.51E+05,90801,62328,21696,15494,Junaid
1.55E+06,40342,1.39E+05,1.16E+05,1.39E+05,88849,26671,6294,Junaid
5.40E+05,84740,1.39E+05,1.87E+05,42931,18874,17235,12841,Junaid
78876,25821,2411,5422,3106,5466,2277,959,Junaid
1.21E+06,4.76E+05,45509,87657,44937,72156,41989,36100,Junaid
5.24E+05,52571,19075,8102,22690,11123,6909,1523,Junaid
1.48E+06,63808,13134,14883,14797,6359,5398,4500,Junaid
2.36E+05,35944,4930,2323,1515,671,309,198,Junaid
1.12E+06,67981,17038,32519,52589,81289,1.25E+05,86300,Junaid
1.10E+06,2.46E+05,53334,28868,25076,10726,14967,7560,Junaid
1.04E+06,84098,23393,65769,37125,17694,4477,2725,Junaid
7.18E+05,62747,44907,21070,8598,4566,2576,734,Junaid
1.42E+05,1.09E+05,11340,17706,8675,9033,3858,1995,Junaid
2.77E+05,1.22E+05,14142,5057,2739,1852,763,828,Junaid
1.52E+05,86682,52933,10445,4233,16933,1513,1342,Junaid
5.92E+05,1.41E+05,51638,20565,6033,3962,1295,1581,Junaid
6.54E+05,83713,28922,7485,5134,2475,1758,319,Junaid
70771,1.07E+05,18052,9622,1451,1538,749,319,Junaid
42541,29500,6075,8657,4470,2486,312,595,Junaid
28781,45257,26092,5042,8334,2139,1145,1192,Junaid
47600,25924,16429,4469,2062,1439,1199,425,Junaid
28885,11532,4441,2011,4555,1316,150,861,Junaid
17581,84615,7567,14803,14197,6338,3129,2146,Junaid
3.16E+05,1.15E+05,14911,6976,4518,6348,3978,763,Junaid
44014,10156,5797,6319,9671,6273,2167,1221,Junaid
1.32E+05,13977,8804,2600,2423,759,431,636,Junaid
1.09E+05,10480,11150,737,2222,1955,576,433,Junaid
22368,34436,12253,27612,6834,10283,3310,1322,Junaid
2.26E+05,1.41E+05,67199,28190,7177,6102,4829,1190,Junaid
27026,62507,3636,4554,2470,1766,637,460,Junaid
7904,10575,3098,3135,2370,3563,698,411,Junaid
60908,11358,6398,3985,1814,1823,603,245,Junaid
22584,23985,17111,10455,5723,3966,2413,1990,Junaid
10295,9382,6346,5064,12926,8886,2537,1245,Junaid
1.18E+05,22125,16234,10889,8446,7890,2195,1529,Junaid
31033,13325,21554,6563,11069,3544,2313,1876,Junaid
4148,30896,34201,13860,6935,4001,1365,1596,Junaid
1.65E+05,3.05E+05,43191,25792,20084,15526,9394,2145,Junaid
7.52E+05,58875,4676,3235,10995,3718,1049,343,Junaid
42510,19234,8958,9202,8440,3866,3423,2593,Junaid
1.46E+05,88276,32709,18151,11438,3916,3264,1796,Junaid
6.02E+05,39414,49894,27343,1478,4370,16489,3957,Junaid
1.49E+06,48640,23516,3949,16517,7460,8892,2067,Junaid
1.45E+05,31495,7835,895,7599,2267,1355,539,Junaid
1.88E+05,44787,4982,3868,8229,2800,1110,459,Junaid
34591,23959,15092,3153,9548,5202,1484,1400,Junaid
31727,32640,33384,6633,8671,12436,2760,1997,Junaid
44140,17677,3753,5816,6366,4809,3113,3637,Junaid
31288,9548,18063,7941,8649,6909,1708,1140,Junaid
35481,36988,30750,10652,1488,6357,3001,1497,Junaid
1.07E+06,17946,6286,10380,8899,4563,3306,1314,Junaid
9177,16961,2157,2345,12922,2639,4219,1070,Junaid
2.14E+05,4.11E+05,1.26E+05,26842,13619,7200,2510,3655,Junaid
3.34E+05,2.66E+05,46172,15127,22579,7910,4909,1174,Junaid
12995,12169,7177,2867,1238,2429,693,524,Junaid
79509,28888,12752,16056,13384,9866,1967,2535,Junaid
5.47E+05,84196,18628,29006,18303,5510,2401,845,Junaid
1.24E+05,95275,5086,8774,7062,3933,650,895,Junaid
1.67E+05,90618,8341,15048,9092,7713,1482,877,Junaid
2.91E+05,40826,7465,5586,9374,2661,1223,1125,Junaid
22831,95849,1.18E+05,9641,14536,7464,1619,1592,Junaid
22513,46174,1.16E+05,13941,7549,8778,1070,780,Junaid
3557,26902,86551,7214,3302,10900,2178,1627,Junaid
11566,1.32E+05,48543,24701,10036,8364,2704,1495,Junaid
96089,12839,5459,5441,2266,1685,459,402,Junaid
5.33E+05,2.50E+05,10965,7105,8129,4465,3210,2163,Junaid
96265,10627,11305,7483,6886,3251,830,239,Junaid
48162,32666,84482,31892,6322,5656,1216,504,Junaid
4971,87548,17717,3410,16147,2308,2329,941,Junaid
16002,53258,1.26E+05,14230,9268,4359,1085,1098,Junaid
10517,38855,39153,11077,3715,3929,827,1084,Junaid
7230,59559,22320,24352,6110,5838,2510,750,Junaid
78792,19002,17307,1957,807,809,628,243,Junaid
27289,10828,17977,10672,6144,6507,2055,2662,Junaid
4.25E+05,20503,19133,11919,5076,7452,1036,1356,Junaid
1.41E+05,57304,3205,2529,2738,1105,492,418,Junaid
2.26E+05,15970,3655,2999,5583,4345,1392,1563,Junaid
1.77E+05,1.20E+05,48937,27609,3461,5287,1772,1146,Junaid
1.78E+05,17604,4239,3858,2165,1758,613,502,Junaid
35770,59545,14561,10371,15069,9756,2080,698,Junaid
53573,6506,2649,3439,3097,2067,387,252,Junaid
57678,9160,1483,7280,1813,1729,351,406,Junaid
20520,13353,18484,5961,5723,1672,5327,665,Junaid
33232,22257,12511,9227,3566,7233,2074,1575,Junaid
64860,20997,1775,5772,3094,1943,400,205,Junaid
6.14E+05,1.92E+05,8794,7652,4338,5960,1543,1039,Junaid
49763,15474,23600,6203,6518,9824,1884,2101,Junaid
43100,7060,37120,15947,18674,2227,1343,1406,Junaid
17098,31561,84244,8371,8269,3970,3718,1495,Junaid
11382,24064,31576,8516,6036,4162,1480,1141,Junaid
67736,51658,4549,1419,1801,1241,544,296,Junaid
4011,10211,12371,9337,5753,6664,1106,1050,Junaid
44715,39200,10026,18660,38403,6555,1659,420,Junaid
16250,14615,9571,2882,4978,8451,1582,2055,Junaid
6246,16108,34606,6295,4604,5152,3393,2290,Junaid
37502,9864,9090,7064,1308,1558,342,338,Junaid
26490,22016,4318,19377,13164,5048,3706,1638,Junaid
19060,25835,43425,19378,3164,3188,1339,1222,Junaid
13963,19994,23855,3870,5993,5444,998,937,Junaid
46466,36142,2240,645,1816,2270,1211,283,Junaid
7541,4334,37275,24561,8311,11743,9413,3180,Junaid
22589,5432,23684,19768,11955,10211,8468,2945,Junaid
29211,29520,33173,64820,10380,8383,2772,5033,Junaid
1.08E+05,74503,2535,12704,6329,8929,4488,3010,Junaid
53908,8999,26230,976,6488,7459,2945,1826,Junaid
88830,24243,3532,3190,2034,2359,899,517,Junaid
13278,30537,7171,6140,5476,3341,1455,1661,Junaid
8055,19377,11823,10607,7571,6165,3231,3556,Junaid
5492,29276,26877,9013,3029,1946,1220,2697,Junaid
2.01E+05,46789,2161,19108,6692,4934,2896,3182,Junaid
1.84E+05,7468,18593,7041,9634,6827,2478,1077,Junaid
1.42E+05,13262,5489,1831,1869,1942,555,343,Junaid
95712,8077,3514,3834,5095,1173,497,692,Junaid
6.51E+05,52172,18137,6296,8177,3792,3489,2554,Junaid
27015,11667,22970,1468,8535,6675,1177,1380,Junaid
22062,20700,8698,2195,3064,1484,354,447,Junaid
1.06E+05,12563,4520,3724,3126,1126,506,301,Junaid
1.46E+05,40812,8138,63436,14730,7245,3497,1636,Junaid
43695,27029,2064,6144,1130,1858,614,236,Junaid
3.16E+05,90526,7490,10732,2007,2984,866,470,Junaid
4.05E+05,13011,549,1692,1479,575,406,110,Junaid
2.74E+05,38158,4066,31001,8844,11627,2731,1398,Junaid
10194,6923,10314,9180,3381,8740,1632,675,Junaid
7439,20559,13947,6979,3494,7991,2902,2184,Junaid
28226,11651,19148,8640,5303,6547,2772,598,Junaid
1.00E+05,9458,29231,15474,9397,3742,3525,2811,Junaid
3.30E+05,1.44E+05,3573,1684,1722,1775,368,394,Junaid
7.05E+05,28428,1967,4428,1258,4426,1813,716,Junaid
9.59E+05,4.66E+05,8638,64224,23438,65825,76028,4932,Junaid
6.32E+05,9.69E+05,80972,1.47E+05,27065,1.01E+05,62921,27624,Junaid
45879,1.22E+05,2204,4026,5090,5178,6128,993,Junaid
1.32E+06,1.65E+06,1.86E+05,81252,49186,1.19E+05,48235,5917,Junaid
7.09E+05,2.27E+05,6820,42537,24377,17283,9431,10446,Junaid
8.42E+05,35172,17895,5533,22236,8530,3573,1783,Junaid
7.08E+05,66469,22047,52496,21465,29297,14457,4469,Junaid
1.44E+06,1.14E+05,23015,45413,13567,14915,8364,1676,Junaid
2.09E+06,3.37E+05,1.22E+05,20829,1.29E+05,40878,9811,12733,Junaid
5.63E+05,1.27E+05,21062,19344,37530,18415,16742,4378,Junaid
4.29E+05,27592,1221,3776,3766,2979,2470,778,Junaid
1.39E+05,90570,4210,15142,22054,16444,6371,1092,Junaid
1.52E+06,45531,14957,11519,15212,18882,8022,1774,Junaid
1.76E+06,89492,51202,23910,20665,13703,14861,2367,Junaid
1.15E+06,5.10E+05,66640,1.11E+05,30655,64276,28257,6933,Junaid
1.17E+06,32142,26554,6859,19402,5937,5226,1071,Junaid
6.16E+05,1.46E+05,15951,35546,39676,22341,12358,4147,Junaid
6.14E+05,10715,3747,17065,7212,8273,4455,1495,Junaid
8.45E+05,78405,11451,34556,17924,8556,3949,1675,Junaid
7.44E+05,37370,3869,3222,9321,12107,3796,1565,Junaid
6.71E+05,82455,10064,11270,6816,4320,2306,363,Junaid
2.08E+05,19607,6858,20444,12070,6658,2082,2253,Junaid
2.68E+05,33459,22536,11473,17699,5307,3251,2935,Junaid
67694,88929,18369,21852,9458,6922,1397,1266,Junaid
1.24E+05,10703,13557,2981,8450,1624,364,338,Junaid
84016,1.02E+05,16500,53046,29562,7297,4453,2406,Junaid
1.27E+05,11385,13374,5929,2649,8566,4231,3118,Junaid
3.93E+05,21505,1322,2960,8891,3138,7027,2423,Junaid
67532,10447,486,2829,3268,2877,2170,403,Junaid
1.21E+06,49808,35893,6013,7029,9904,2848,2279,Junaid
1.09E+06,2.81E+05,91623,73007,17752,23422,11133,2772,Junaid
6.54E+05,1.02E+06,1.23E+05,15436,96100,90840,53911,14483,Junaid
8.64E+05,1.95E+05,79807,36174,78530,25781,27387,8176,Junaid
1.37E+05,23004,5166,6411,8174,7288,2862,1407,Junaid
1.56E+05,31950,7479,4123,7141,1417,1511,321,Junaid
3.18E+05,65486,14328,85373,12672,10942,2098,3500,Junaid
1.75E+05,38011,44337,14029,14198,10114,5757,2051,Junaid
2.25E+05,31182,16552,7069,3086,7396,2881,1571,Junaid
1.44E+05,37697,9981,28690,13894,5855,2138,3858,Junaid
99912,1.05E+05,30719,48154,17789,15908,3026,1337,Junaid
23275,65875,6172,2750,4584,3243,1976,1686,Junaid
6.94E+05,2.01E+05,21593,10383,10923,10045,3679,1355,Junaid
47145,46610,21435,51717,7868,10441,2316,836,Junaid
1.04E+05,39041,29757,9635,4524,5467,2867,1675,Junaid
1.33E+06,3.99E+05,1.85E+05,48359,89043,40354,35468,6903,Junaid
1.19E+06,11930,32186,5070,8086,8094,1502,4578,Junaid
4.07E+05,61818,3517,28734,14546,5564,4746,2037,Junaid
43165,14962,15917,17946,3740,2353,1008,420,Junaid
3.11E+05,80266,43498,36756,15309,10463,3195,5662,Junaid
43563,40475,12032,12922,11906,5994,2094,1122,Junaid
53624,18946,12401,28827,28732,4602,2140,2346,Junaid
1.95E+05,19954,8768,4107,2994,1090,754,391,Junaid
1.99E+05,9358,10062,17252,10510,3602,2271,657,Junaid
4.06E+05,28211,29274,10858,9581,10626,3574,2086,Junaid
3.49E+05,92495,25879,32456,24704,22221,3051,2566,Raj
1.73E+06,3.16E+05,54533,30022,21601,19454,4506,5609,Raj
2.00E+05,45667,16286,15114,22402,9356,3073,763,Raj
6.18E+05,2.30E+05,48187,8637,39428,30708,6658,2989,Raj
1.84E+05,89736,14185,8861,6206,6942,1880,518,Raj
1.98E+06,1.00E+05,4457,9770,3885,3811,1327,820,Raj
1.11E+06,3.20E+05,99839,34025,29710,15273,3001,1112,Raj
3.84E+05,2.43E+05,19631,18502,15804,13033,1953,1111,Raj
3.13E+05,61360,11804,3076,2475,2913,2599,860,Raj
1.85E+05,1.26E+05,24669,7412,13485,3740,1510,1441,Raj
2.50E+05,87758,10417,2639,6632,2325,1348,321,Raj
1.68E+05,51542,14432,3497,6387,7310,3347,2010,Raj
91240,43954,8422,39385,11183,9297,6696,4344,Raj
46485,70755,13856,10951,3880,7398,6396,4431,Raj
89786,24802,9082,8862,7368,11354,2625,1853,Raj
44513,13467,26019,14823,8892,3901,3563,1277,Raj
1.29E+06,1.07E+05,21780,7478,7205,6685,1671,1694,Raj
9731,11260,4674,3228,1666,2830,2900,2642,Raj
18255,13097,1494,3796,1292,1395,650,279,Raj
49299,20591,3076,1748,862,864,404,186,Raj
40306,97282,9208,16279,12234,9907,4248,2204,Raj
1.90E+05,37236,4912,3328,7857,2814,2002,2113,Raj
1.58E+05,22858,3835,9490,4909,4951,3141,1334,Raj
22126,15165,15101,2192,3241,3098,1321,1438,Raj
7013,15424,5389,7099,4023,10958,2861,2565,Raj
42998,18509,2377,4974,5535,8190,2211,1550,Raj
17320,32261,1793,27577,5404,9066,2103,1669,Raj
4776,8945,33131,13088,6099,6406,2179,2261,Raj
3522,25842,1209,6445,2605,3105,1500,702,Raj
73741,21903,2341,3294,2217,785,1238,483,Raj
4715,6746,13148,4802,12407,4497,4283,3690,Raj
52127,10135,4032,7041,3499,3816,1904,1050,Raj
16109,7386,10980,7514,4545,3418,2109,1163,Raj
22472,12404,4600,9987,2390,6622,2551,1921,Raj
20770,6386,929,7218,1184,6551,2613,1313,Raj
70753,23125,1145,3977,2628,5670,2104,1291,Raj
16623,30123,28537,1803,3674,5568,1950,1515,Raj
47171,27280,6830,6075,4533,5413,1996,1233,Raj
56889,47305,2835,4011,5783,4211,3101,1587,Raj
89220,21682,4590,3315,12419,5243,3220,946,Raj
8724,9095,6198,15651,1785,6463,2286,2035,Raj
9413,1.06E+05,14700,15891,7580,7354,2578,2520,Raj
4.15E+05,61515,30253,36040,9039,7345,5473,1717,Raj
1.34E+05,28975,15324,22834,8170,12281,3429,2845,Raj
2.67E+05,13487,2067,2559,3573,4269,1719,529,Raj
2.07E+06,2.54E+05,23715,16965,10150,4981,1586,1718,Raj
1.01E+06,1.68E+05,31085,24845,14495,12569,9198,4291,Raj
21156,22166,19058,31441,3988,7000,4906,2177,Raj
4.45E+05,65687,5662,8932,26291,14784,8162,2215,Raj
1.07E+05,16621,147,3809,1512,2642,2122,1286,Raj
66438,11695,13294,5605,3428,887,1536,490,Raj
2.75E+05,1.76E+05,7761,8693,7730,6168,2469,2796,Raj
51640,29025,2761,4645,8946,5653,4214,1775,Raj
1.38E+05,34424,31361,12801,6302,8884,4160,3320,Raj
1.21E+05,40430,44562,8351,14620,14318,2945,1206,Raj
3.43E+05,49729,4136,21452,9571,7827,4051,2525,Raj
42877,13835,14241,10125,14398,8064,2044,3929,Raj
43981,34653,35612,10547,14650,8343,3222,620,Raj
53816,56456,23928,4494,6638,3389,5310,965,Raj
27937,28420,9373,29588,13056,7168,5235,2383,Raj
94894,74638,19687,11074,9852,13079,1558,1691,Raj
20570,31676,23893,18595,11831,13046,2173,2301,Raj
83419,38246,47853,5780,13786,8201,3859,1484,Raj
1.44E+05,32135,27102,9578,15139,6082,3019,1308,Raj
30290,11122,15415,8255,2723,13679,1341,2104,Raj
1.41E+05,2.20E+05,32859,6895,11132,5271,1861,1894,Raj
2.36E+05,62272,35769,39118,18370,7794,5431,873,Raj
66268,98936,25398,33196,16466,11821,10001,8915,Raj
3.95E+05,27034,3332,1724,4025,1417,1431,2488,Raj
2.53E+05,9867,1598,1038,721,1043,1188,2166,Raj
3.22E+05,58316,15025,18052,13045,11183,5449,3554,Raj
7.49E+05,79115,69557,33582,23823,20111,4950,4564,Raj
88440,51283,23651,16284,8478,5554,2792,2837,Raj
57681,47628,26530,16537,19163,7756,4843,1364,Raj
70312,34275,14773,21903,9802,5253,4056,1734,Raj
84981,9083,7797,6029,1942,2526,2428,385,Raj
1.42E+05,53904,60483,24950,29148,5903,5036,6401,Raj
1.17E+05,42754,3502,10147,5148,5846,4413,3044,Raj
29246,15744,14991,10548,7375,11314,2981,5157,Raj
93110,24155,6804,1016,3269,1832,515,310,Raj
32021,30881,2613,22844,5767,4978,5375,659,Raj
4.31E+05,65883,38101,7800,11115,11297,3490,2526,Raj
21990,1927,5310,555,1500,1647,879,773,Raj
25315,9611,8823,14884,3696,8116,1462,688,Raj
12185,37034,35094,10024,6736,4075,4299,3841,Raj
3835,27382,16487,9843,5243,12986,2599,1702,Raj
30056,43565,18504,44857,7447,4474,2766,2136,Raj
27282,11965,2859,14587,8192,7312,3220,1762,Raj
13436,25622,13105,17866,5216,9108,3126,1643,Raj
1.47E+05,1.20E+05,13488,49145,57180,8877,4546,4386,Raj
68567,29311,22050,5225,11914,4589,1363,2738,Raj
15069,5182,2495,525,2411,1215,4864,840,Raj
29476,11405,27313,4627,8367,5909,14259,8307,Raj
14910,19668,14312,10790,15902,6986,8248,8643,Raj
5.73E+05,22641,17255,13950,27111,12367,7587,6036,Raj
52556,84199,33591,19687,5815,6091,3433,1426,Raj
22002,11173,5067,5226,3903,10790,3028,1765,Raj
9.49E+05,80986,29684,16117,7694,10117,13168,5646,Raj
43158,15393,3964,10189,2100,3085,1972,813,Raj
71307,53583,19646,10997,7204,13006,5499,7269,Raj
62211,43129,23936,11518,12421,12226,9237,5283,Raj
63378,37401,11759,6636,6842,13897,10436,6466,Raj
1.10E+05,5370,12439,5729,3220,1993,2413,626,Raj
1.77E+05,18528,2388,1554,3947,1017,2113,1051,Raj
71658,1.34E+05,14202,6703,6396,6074,7492,734,Raj
96388,1.66E+05,24955,24242,15240,9672,9248,2523,Raj
34479,16105,22608,8403,6370,17605,4941,13650,Raj
10316,19797,17196,5847,6136,12416,5202,4469,Raj
58224,38293,2017,12857,5608,4062,2041,1509,Raj
42236,46249,42638,14212,6614,7641,6774,4906,Raj
75482,14350,366,1484,1506,1954,2497,1174,Raj
20293,25172,8401,31764,13548,5763,4867,2113,Raj
7991,13436,6519,3304,8888,8895,2715,6223,Raj
1.11E+05,92894,32323,33944,10985,6579,8561,1573,Raj
3.65E+05,39109,9083,4570,7178,4188,6869,3580,Raj
55681,21164,12112,3422,2772,2599,893,837,Raj
1.54E+05,97728,30918,15182,16274,6913,7206,2102,Raj
20433,25818,3295,11311,7734,7094,11194,1353,Raj
17349,12099,1958,17610,4317,11513,8787,2150,Raj
24359,13802,23111,15394,4192,5748,3985,1718,Raj
74985,20762,35805,7829,4161,7737,6410,4489,Raj
5.44E+05,36735,16600,5691,12671,10874,9740,3596,Raj
40671,15164,15280,28817,15155,5831,4158,4189,Raj
31530,2923,248,15381,2872,10158,6737,1405,Raj
39551,1.23E+05,9184,12516,13306,7911,3796,2945,Raj
72418,23207,20644,24765,17493,3146,5814,3246,Raj
29449,22029,30267,16489,9073,4024,10429,2587,Raj
34061,4338,10130,40065,3179,5247,6188,1563,Raj
18266,19152,14634,12059,6091,10349,4383,1789,Raj
4568,13468,15097,20827,3380,7392,9200,2743,Raj
4.81E+05,97210,14360,5440,28237,11289,5157,2603,Raj
46309,45366,18904,27493,6713,4485,6924,1704,Raj
83117,2576,8125,1283,5065,2526,1483,1133,Raj
4064,32949,16708,41015,15300,6584,7064,3761,Raj
42551,19838,2950,9673,7129,9865,4678,2684,Raj
15019,6222,22347,4377,2404,4913,5620,2623,Raj
9211,34971,8914,25355,8968,9728,9409,4973,Raj
26894,13758,23689,5331,5526,7148,3272,2889,Raj
7516,17534,24990,18593,8386,7808,9560,4383,Raj
67703,34794,13129,6590,9623,9478,2492,1325,Raj
33959,60788,21300,5056,11488,7074,2272,1490,Raj
1.23E+05,1.52E+05,11220,13139,21410,8243,6182,3339,Raj
1.08E+06,1.78E+05,19251,29860,31901,6780,7677,741,Raj
33424,70878,18872,14023,15977,7017,3531,1888,Raj
2.73E+05,46918,2227,10112,2719,2444,1726,479,Raj
71663,67252,72434,24840,20407,17572,4393,4208,Raj
6.65E+05,1.53E+05,36091,23275,11372,19032,5413,3399,Raj
16120,8829,4378,9102,5319,4106,4742,1907,Raj
14272,16848,25612,14725,3691,5105,3778,5475,Raj
22175,9332,10581,24663,2301,9090,3973,2524,Raj
20974,24538,13676,8029,15569,8189,3497,2536,Raj
30733,61776,47882,12579,12166,4477,6889,1567,Raj
33066,21460,30563,24094,13043,13230,4862,4792,Raj
73201,64185,28671,19634,14012,6349,7900,3645,Raj
4.06E+05,1.29E+05,15548,16888,19306,8143,7862,2400,Raj
13829,23098,7026,14170,11163,12867,3497,3813,Raj
24801,23018,27372,17992,5141,7981,2605,1968,Raj
1.65E+05,68241,6745,18593,20651,8772,8311,1877,Raj
33095,25408,31136,17686,14593,10082,3526,1903,Raj
1.64E+05,74758,18453,11683,12220,8849,3954,3197,Raj
33642,24139,38574,7327,12057,6829,4546,3582,Raj
30467,29962,32544,5469,7621,3724,3958,3163,Raj
3.37E+05,2.13E+05,76048,18636,18499,18793,7156,2362,Raj
3.79E+05,1.36E+05,31718,15793,13130,9716,9889,4120,Raj
39858,81656,23751,32160,11199,12404,5434,3333,Raj
9481,5974,3261,6274,1046,4176,1260,126,Raj
2.06E+05,41702,6250,2178,3361,2598,966,458,Raj
54582,36602,19713,16952,5634,6774,12700,3973,Raj
14525,10539,23203,7078,15806,2303,3172,3532,Raj
5.61E+05,54313,7478,6600,17829,14395,5581,7830,Raj
60082,68712,38126,28058,6179,7684,6384,3717,Raj
14483,20079,12026,3301,10877,6270,5075,1626,Raj
20823,14125,27951,16745,19306,5503,6062,1204,Raj
5.35E+05,34211,21586,7531,17605,7476,5410,3666,Raj
23015,25030,41026,34632,5646,4137,4422,2293,Raj
49246,44088,12270,17688,9181,6271,8334,1665,Raj
5130,14824,22130,5792,18694,7550,5213,2160,Raj
3303,14602,17379,23437,2332,7083,6450,4379,Raj
11051,26204,6582,27990,9185,9955,2619,2372,Raj
18797,10790,6552,3402,13061,4793,2717,5616,Raj
5.22E+05,58471,18362,14278,7112,5808,3416,2301,Raj
25376,57456,39109,68313,5240,6340,4542,2823,Raj
15265,14013,12825,14905,7602,8191,10038,2839,Raj
8.51E+05,27815,46213,16259,19190,24069,4360,5376,Raj
41549,83383,55638,14991,7445,4182,5581,1450,Raj
4.48E+05,92548,23827,31391,30795,19784,7728,7310,Raj
26345,11916,63789,7097,3145,7680,3219,1932,Raj
43345,29849,45421,14350,9573,12498,10119,3228,Raj
1.57E+05,39722,10020,9789,2035,1731,1165,641,Raj
19881,11872,4853,8103,7965,10831,6435,1553,Raj
5.33E+05,2.18E+05,17795,66667,51994,31032,10641,16355,Raj
38792,45410,8928,18148,13663,16712,5213,1232,Raj
19291,16165,21245,3839,8123,4486,7571,6302,Raj
4.15E+05,2.60E+05,44706,92100,33796,22691,11990,11451,Raj
3.97E+05,1.03E+05,14141,15550,8001,5146,2726,836,Raj
65652,40369,21083,7891,15481,35687,16290,6275,Raj
91208,14366,1283,2232,1506,1176,1130,184,Raj
1.96E+05,59669,19957,13049,7453,15129,16845,9076,Raj
1.89E+05,48807,35015,37402,7467,24937,5994,3029,Raj
71349,32572,11250,8709,5213,3027,2345,1496,Raj
11815,27367,26624,3340,3893,7282,3491,1593,Raj
24979,11690,2898,2904,2008,3321,2232,2466,Raj
1.04E+05,1.52E+05,30275,10918,6922,3073,2862,4518,Ashu
1.60E+06,70148,6974,16571,5193,2915,1204,406,Ashu
1.31E+06,1.90E+05,8908,38377,12554,6566,4792,3078,Ashu
3.29E+05,2.09E+05,56059,16650,9601,7954,3267,8352,Ashu
1.11E+06,1.34E+05,30562,4477,1703,3295,767,1113,Ashu
1.52E+06,1.24E+05,32870,53162,9438,4535,3598,3072,Ashu
3.87E+05,3.09E+05,23617,4308,13926,11503,3216,2241,Ashu
5.56E+05,37922,12106,4614,704,1386,591,416,Ashu
1.67E+06,1.21E+05,43551,36994,6345,10243,2814,1475,Ashu
57933,21068,4585,825,858,324,300,204,Ashu
1.19E+06,1.33E+06,1.43E+05,83690,82546,21653,16843,7411,Ashu
1.08E+06,1.15E+05,24155,6881,2026,2175,7561,2341,Ashu
3.33E+06,1.14E+05,29591,9950,9895,6384,1506,3753,Ashu
1.26E+06,33039,7228,2189,734,2244,1563,594,Ashu
25410,18036,4733,1435,715,371,158,216,Ashu
1.79E+06,71261,61465,7275,3573,7928,3711,2224,Ashu
2.66E+05,24822,4384,2108,1053,915,453,381,Ashu
2.33E+05,36691,9202,5908,5751,2059,1878,653,Ashu
4.78E+05,1.89E+05,42931,8369,20454,6955,5751,3626,Ashu
1.68E+05,93397,21562,4205,3325,4007,1735,512,Ashu
1.88E+05,37943,3614,3683,899,1432,2476,908,Ashu
3.40E+05,1.37E+05,22538,1783,1414,1418,868,493,Ashu
2.47E+06,2.50E+05,97422,7448,18127,7130,3642,2178,Ashu
2.31E+05,33112,20727,2456,1283,2669,1356,1052,Ashu
7.15E+05,1.66E+05,19638,8304,6054,8503,4247,2498,Ashu
2.38E+06,7.22E+05,87635,1.03E+05,11330,54086,8633,4888,Ashu
1.23E+05,33711,5582,472,2869,941,842,251,Ashu
3.28E+05,45987,2982,7306,3618,2161,985,1713,Ashu
2.62E+05,30701,4877,7052,1741,2627,2415,830,Ashu
1.30E+05,16807,1734,3300,2101,661,341,187,Ashu
2.82E+05,52876,31294,8091,3331,2992,2052,1138,Ashu
5.88E+05,72909,17937,7711,3439,1495,715,422,Ashu
9.52E+05,38971,9315,18681,2776,4072,1132,2214,Ashu
1.19E+06,1.74E+05,31738,13273,5200,7752,10391,1899,Ashu
5.62E+05,89125,2902,5951,6540,5709,5399,1343,Ashu
1.85E+05,59942,7257,8031,2949,2227,1772,1463,Ashu
6.99E+05,5.39E+05,47687,20552,8151,21267,5763,3964,Ashu
2.95E+05,27387,15613,4180,2656,3279,3000,817,Ashu
2.95E+06,2.18E+05,51429,15702,17136,36191,10343,5369,Ashu
6.08E+05,3.65E+05,28479,2906,2728,7089,5061,2231,Ashu
1.15E+06,2.49E+05,33369,10272,2410,4938,1350,1665,Ashu
9.53E+05,3.53E+05,1.11E+05,11176,15658,10756,18147,8523,Ashu
9.64E+05,5.77E+05,2.87E+05,32939,29561,23075,11153,3172,Ashu
4.67E+05,2.32E+05,3674,14827,4176,2380,1943,1317,Ashu
3.55E+05,29076,8437,2768,1830,1222,544,253,Ashu
3.60E+05,1.14E+05,8815,4419,3230,1676,650,293,Ashu
3.46E+05,67121,2461,1962,3107,1787,1842,171,Ashu
1.23E+06,64304,6538,9105,10086,9556,5924,2334,Ashu
6.52E+05,2.67E+05,48078,15855,20803,9974,2996,1945,Ashu
1.02E+06,21022,1519,8496,18384,7194,3351,402,Ashu
2.59E+05,3826,643,347,291,238,227,58,Ashu
2.47E+05,1.03E+05,14714,9941,4748,1954,1859,1881,Ashu
7.71E+05,2.26E+05,9122,4170,2001,3010,3039,791,Ashu
2.93E+05,2.25E+05,28490,11339,5192,9721,9551,7903,Ashu
1.46E+06,96294,30232,12294,11789,5119,934,1908,Ashu
1.52E+06,55132,5353,12978,4892,5232,1551,801,Ashu
3.24E+05,48198,8107,8006,5016,2566,5226,1190,Ashu
1.72E+05,12208,3913,4707,1271,1538,838,522,Ashu
1.32E+06,2.77E+05,1.24E+05,16051,8237,7108,10559,5731,Ashu
5.37E+05,1.20E+05,17878,5808,4730,4197,3459,1433,Ashu
5.31E+05,8.74E+05,2.24E+05,1.09E+05,10669,35022,23899,7290,Ashu
3.71E+05,2.26E+05,2379,2955,9965,5968,3648,1958,Ashu
6.31E+05,48628,3821,24061,12520,5944,4380,2046,Ashu
9.68E+05,39445,981,14215,9198,3686,1505,1115,Ashu
2.29E+06,7.08E+05,1.20E+05,95424,34818,30466,8665,12447,Ashu
1.80E+05,1.38E+05,20443,6832,3628,4819,3757,3350,Ashu
9.37E+05,59060,3131,5684,3586,2736,1542,1640,Ashu
9.06E+05,32871,11579,4275,7585,3166,1088,1404,Ashu
9.54E+05,54873,15296,13845,5077,10799,4157,2078,Ashu
5.19E+05,48621,6876,2236,9962,8945,1209,919,Ashu
4.16E+05,59386,10128,4243,7352,3244,2876,824,Ashu
2.04E+06,1.69E+05,2.77E+05,23396,8732,10179,8315,15696,Ashu
2.40E+06,45549,29506,8741,4111,2601,3404,1009,Ashu
29485,5226,156,536,193,167,165,44,Ashu
4.69E+05,1.94E+05,10528,3521,12592,4489,1709,999,Ashu
1.09E+06,3.06E+05,1.30E+05,4959,26382,8482,8652,3211,Ashu
55225,47750,5342,4091,2568,4017,945,1827,Ashu
1.15E+06,86623,14616,5843,12902,18723,4413,4124,Ashu
2.22E+05,80355,26874,17311,9318,9777,4980,5373,Ashu
7.33E+05,2.71E+05,6300,10877,17499,35346,4845,4911,Ashu
65401,27722,4555,4833,2245,2283,3041,866,Ashu
1.99E+05,54665,4703,1345,3203,1373,1786,798,Ashu
98231,37573,4397,4402,1326,2864,1788,608,Ashu
6.41E+05,33668,31903,11180,22997,9337,7541,3382,Ashu
2.45E+05,64613,8481,23052,11797,10714,7325,4411,Ashu
3.34E+05,4598,2868,3497,3671,6258,1671,984,Ashu
2.50E+05,56028,18588,3647,6680,3384,3384,873,Ashu
2.30E+05,8663,18589,36643,15179,5825,8041,3921,Ashu
4.76E+05,87215,21766,7071,18875,9602,12190,7186,Ashu
5.52E+05,80134,24764,8639,13767,15645,8492,2673,Ashu
2.44E+05,20831,2827,6905,2855,2120,1760,1208,Ashu
6.07E+05,1.97E+05,14956,11231,6197,13667,2961,969,Ashu
1.53E+06,68897,18949,15065,14018,8615,14350,7663,Ashu
4.20E+05,53727,4768,4022,1874,1935,1695,1148,Ashu
3.73E+05,2.45E+05,67037,24679,18041,14008,5804,3107,Ashu
3.44E+05,5.15E+05,16790,9498,27052,40154,17694,8732,Ashu
1.09E+06,3524,1816,1812,1647,643,668,1743,Ashu
16211,14441,2632,522,2705,2266,1424,811,Ashu
4.49E+05,1.58E+05,10634,12123,6638,15806,4616,4586,Ashu
4.57E+05,49398,14037,1560,4159,3360,2580,1124,Ashu
1.11E+06,2.53E+05,95238,15125,17604,16015,16299,7940,Ashu
8.93E+05,44062,2873,5913,2891,4673,2803,1187,Ashu
39336,18932,7429,3420,2611,2958,735,745,Ashu
1.07E+05,19148,1120,1090,2425,580,250,251,Ashu
1.18E+05,17786,135,1530,2122,2532,1980,1122,Ashu
51726,11897,6842,2392,3962,2634,2041,992,Ashu
1.86E+05,71490,18386,7681,4887,4337,1137,1450,Ashu
1.99E+06,8898,20885,12780,5661,8827,5107,11673,Ashu
4.00E+05,63418,33025,23243,3028,5996,4915,4751,Ashu
3.90E+05,20774,2096,1661,4704,1024,1704,1108,Ashu
9.42E+05,75943,27439,25201,12880,4366,4120,4003,Ashu
50869,8149,8009,340,1766,1336,283,319,Ashu
30947,12354,6403,1180,1018,3564,1408,925,Ashu
9.20E+05,1.05E+05,86927,18524,18431,6075,7581,3152,Ashu
8.27E+05,88323,55342,46742,17532,13726,7317,4466,Ashu
4.03E+05,40170,24658,9340,6899,9444,7084,3489,Ashu
2.53E+05,1.08E+05,29286,3796,8193,7200,4902,5096,Ashu
3.09E+05,23340,3484,5863,5846,1343,841,1115,Ashu
4.63E+05,14762,5578,1302,1235,767,610,1055,Ashu
8.66E+05,19316,18523,3497,7326,3555,2689,1659,Ashu
6.69E+05,4.50E+05,34363,25105,42233,10112,7602,3707,Ashu
1.54E+05,25164,18737,9053,2580,3696,1644,936,Ashu
4.36E+05,39180,13392,1217,3338,992,336,78,Ashu
3.68E+05,9921,306,759,528,303,153,48,Ashu
2.94E+05,47764,9188,13084,5952,3149,3325,2738,Ashu
4.52E+05,32020,5706,6950,1897,886,637,351,Ashu
6.62E+05,10630,7197,497,6111,2254,1743,973,Ashu
2.00E+06,1.05E+05,8405,7225,7166,16383,5668,2966,Ashu
89012,29531,8543,3390,2351,2479,3143,1526,Ashu
5.41E+05,1.77E+05,16106,28441,24527,12725,7662,2026,Ashu
8.85E+05,74317,6259,5983,7623,3120,2395,863,Ashu
41533,19698,8749,5488,6893,2047,1275,635,Ashu
1.55E+05,10013,2526,2068,3880,2857,1922,1126,Ashu
7.04E+05,23437,18982,10506,3682,2179,4627,1069,Ashu
4.27E+05,39064,25842,26044,31736,17897,6718,7907,Ashu
1.44E+06,1.56E+05,35405,14165,15664,11196,6087,8970,Ashu
2.20E+05,4935,9813,907,2813,829,518,328,Ashu
1.36E+06,2.97E+05,35197,55162,14534,15861,8707,5872,Ashu
3.67E+05,62772,13644,8389,5453,2222,1039,1025,Ashu
9.90E+05,36573,10824,13003,11719,3910,1782,1996,Ashu
1.96E+06,76741,2257,9603,8644,4174,1407,1106,Ashu
5.83E+05,51909,14710,13574,5511,5353,1742,1586,Ashu
1.69E+05,50636,5594,4611,2500,1328,1842,815,Ashu
1.03E+06,2.51E+05,89607,18550,27131,24172,9799,3912,Ashu
2.29E+06,1.99E+05,92259,59907,26522,11021,9290,4660,Ashu
3.09E+06,4.39E+05,31191,15208,39378,20360,19166,3808,Ashu
6.24E+05,42721,4861,8907,23772,8693,6014,1139,Ashu
5.07E+05,18549,2911,6591,5643,2270,658,227,Ashu
87766,12322,1972,8008,1868,2012,1404,812,Ashu
6.11E+05,15183,3413,3151,6170,2712,1091,694,Ashu
9.33E+05,68586,79514,14856,13515,8959,4167,4034,Ashu
3.77E+05,76497,4427,10262,1381,1731,1072,1351,Ashu
3.25E+05,42648,4914,4012,11487,1750,1187,577,Ashu
2.72E+05,8491,2805,1612,1380,514,326,363,Ashu
6.43E+05,38114,31431,3543,1260,3132,2170,2373,Ashu
2.02E+06,1.27E+06,64524,71281,13110,12814,9187,4544,Ashu
1.25E+06,8.27E+05,1.09E+05,61333,14524,10477,8557,6533,Ashu
1.39E+06,1.28E+05,2904,552,18371,8863,7143,9718,Ashu
9.82E+05,3.34E+05,15453,14607,28143,9995,8604,6715,Ashu
7.50E+05,2.72E+05,31253,10080,11108,16894,4455,4261,Ashu
6.81E+05,46090,8023,9258,2490,5096,785,1978,Ashu
31924,23158,2446,576,715,607,560,361,Ashu
66607,26418,10068,14665,10823,4620,4171,8511,Ashu
5.02E+05,3.96E+05,22704,9253,13778,14581,4358,6309,Ashu
29996,21074,20110,5693,10564,11213,5412,4297,Ashu
6.48E+05,97159,5983,23525,21493,6017,8704,9285,Ashu
50173,20319,11477,6737,5538,3735,1412,2244,Ashu
6.56E+05,2.42E+05,14081,23615,6208,24329,4512,10563,Ashu
3.20E+05,53069,17974,13378,3114,6423,8270,12807,Ashu
4.48E+05,77385,3183,3986,4698,7595,3198,7237,Ashu
1.36E+05,60577,9729,3717,3200,2534,1560,1120,Ashu
2.52E+06,4.42E+05,1.36E+05,9484,8050,9901,9810,10061,Ashu
8.49E+05,4.03E+05,49576,21071,11754,12422,3151,8991,Ashu
62245,88429,14834,6207,1036,1564,762,1771,Ashu
6.57E+05,7.59E+05,31822,13249,2041,4279,1783,4437,Ashu
4.44E+05,24972,15048,2687,667,762,221,1516,Ashu
7.58E+05,1.94E+05,21102,63120,37651,7800,10435,6863,Ashu
8.37E+05,2.05E+05,4885,4855,11072,7915,7704,6370,Ashu
1.00E+06,27522,6436,2818,824,1558,569,1673,Ashu
33584,41917,22650,3829,2680,7648,1645,5047,Ashu
70744,16813,4473,933,1976,5554,1284,1687,Ashu
40711,11253,3499,5837,3848,7380,5481,3603,Ashu
50983,13279,30532,1894,8237,9070,3323,6348,Ashu
1.81E+05,9597,1677,3367,2355,1458,501,1158,Ashu
1.00E+05,34778,14328,7867,9708,6573,5281,4616,Ashu
1.16E+06,56628,17651,48288,15776,21427,6792,13785,Ashu
14907,28806,8876,8400,8631,11243,1947,4398,Ashu
6109,13894,3741,5072,4252,7786,3540,3390,Ashu
39179,7651,12095,5608,9322,11410,9763,3627,Ashu
13060,54424,18544,2399,1258,8648,2060,5493,Ashu
13464,29268,15709,2788,17561,13109,1762,3025,Ashu
87652,28726,5306,9370,2278,7251,2420,1576,Ashu
1.05E+05,45524,15835,2914,1337,2556,535,1069,Ashu
1.70E+05,24008,26904,21841,6650,2875,1354,4582,Ashu
1.15E+05,25433,22205,1059,3790,11276,2501,6490,Ashu
1.28E+06,1.63E+05,6669,9297,12204,18690,6912,6325,Ashu
1.19E+06,1.03E+05,4227,10658,12103,8126,3166,6182,Ashu
43820,35405,11604,15847,9878,6609,2546,5771,Ashu
7.47E+05,3.53E+05,42850,8730,15386,9323,10769,3890,Ashu
